,Median_Income,zip_code,name,cuisine,price_range,rating,review_count,latitude,longitude,price,cuisine_cat
3,133211,20001.0,Compass Coffee,Coffee & Tea,2,4.1,92.0,38.916256,-77.022773,20.5,cafes
5,133211,20001.0,Sankofa Video Books & Cafe,Bookstores,1,4.5,167.0,38.925561,-77.02315,5.0,cafes
6,133211,20001.0,La Colombe Coffee,Coffee & Tea,2,4.0,303.0,38.901050567627,-77.0201034545898,20.5,cafes
7,133211,20001.0,Sylvan Cafe & Bakery,Bakeries,1,4.0,134.0,38.915393041304895,-77.0125918,5.0,cafes
8,133211,20001.0,Urban Roast,Coffee & Tea,2,3.4,921.0,38.89800507172392,-77.02491600347251,20.5,cafes
10,133211,20001.0,Big Bear Cafe,Cafes,2,3.3,746.0,38.912676,-77.01225,20.5,cafes
11,133211,20001.0,La Colombe Coffee,Coffee & Tea,2,4.3,554.0,38.9064687179387,-77.0249282196164,20.5,cafes
12,133211,20001.0,A Baked Joint,Coffee & Tea,2,4.4,2544.0,38.902465,-77.017275,20.5,cafes
13,133211,20001.0,Tatte Bakery and Cafe,Coffee & Tea,2,4.2,335.0,38.9006499,-77.0267439,20.5,cafes
14,133211,20001.0,The Roasted Boon,Coffee & Tea,2,4.2,79.0,38.91045026300734,-77.02673465644715,20.5,cafes
15,133211,20001.0,Dolcezza,Coffee & Tea,2,4.2,566.0,38.900264,-77.024192,20.5,cafes
16,133211,20001.0,The Ministry,Coffee & Tea,2,4.3,111.0,38.8978502,-77.011664,20.5,cafes
18,133211,20001.0,Tatte Bakery & Cafe,Breakfast & Brunch,2,4.0,212.0,38.89933,-77.01466,20.5,breakfast
19,133211,20001.0,Compass Coffee,Coffee & Tea,1,4.2,420.0,38.9105988,-77.0215683,5.0,cafes
20,133211,20001.0,Cafe U,Coffee & Tea,1,4.7,44.0,38.91713797573817,-77.02654885449415,5.0,cafes
21,133211,20001.0,The Royal,Coffee & Tea,2,4.2,401.0,38.9150428771973,-77.0185775756836,20.5,cafes
22,133211,20001.0,Capital One Café,Coffee & Tea,2,3.8,75.0,38.89952,-77.02215,20.5,cafes
23,133211,20001.0,Corner Bakery,Bakeries,2,2.9,205.0,38.89656785943698,-77.00949737055227,20.5,cafes
27,133211,20001.0,Union Kitchen,Coffee & Tea,2,4.1,95.0,38.9067618304296,-77.0236993143936,20.5,cafes
29,133211,20001.0,The Dabney,New American,4,4.3,862.0,38.9063563388808,-77.0244961023773,61.0,american
32,133211,20001.0,Supra,Bars,3,4.1,763.0,38.906,-77.026725,45.5,bars
33,133211,20001.0,The Red Hen,Italian,3,4.2,1087.0,38.9149738,-77.01237122453689,45.5,european
35,133211,20001.0,The Royal,Coffee & Tea,2,4.2,401.0,38.9150428771973,-77.0185775756836,20.5,cafes
37,133211,20001.0,El Sol Restaurant & Tequileria,Mexican,2,4.1,732.0,38.9066,-77.02667,20.5,latin
38,133211,20001.0,District Rico,Peruvian,2,4.1,362.0,38.900365,-77.011819,20.5,latin
39,133211,20001.0,Convivial,French,2,4.1,849.0,38.9086949,-77.0231236,20.5,european
40,133211,20001.0,Present Company Public House,Pubs,2,4.6,110.0,38.9002246213413,-77.0172864220771,20.5,bars
41,133211,20001.0,Tiger Fork,Chinese,2,3.9,903.0,38.9070698055236,-77.0248598,20.5,asian
42,133211,20001.0,Nina May,New American,3,4.4,418.0,38.90844190192456,-77.02667000447393,45.5,american
43,133211,20001.0,Cracked Eggery,Breakfast & Brunch,2,4.4,132.0,38.91625,-77.02261,20.5,breakfast
46,133211,20001.0,City Tap House Penn Quarter,Bars,2,3.9,1844.0,38.90104645534967,-77.02379934110401,20.5,bars
48,133211,20001.0,Unconventional Diner,New American,2,4.4,2936.0,38.906139,-77.0238,20.5,american
49,133211,20001.0,L'Ardente,Italian,3,4.5,1235.0,38.89891904977066,-77.01407410000002,45.5,european
50,133211,20001.0,Boqueria Penn Quarter,Spanish,2,4.3,553.0,38.89952852762722,-77.0233928613015,20.5,european
52,133211,20001.0,Baan Siam,Thai,2,4.5,649.0,38.90147950746981,-77.01634228634687,20.5,asian
53,133211,20001.0,dLeña,Mexican,3,4.4,1038.0,38.902279,-77.018701,45.5,latin
54,133211,20001.0,Benitos Place,Latin American,2,4.8,150.0,38.9093433099563,-77.0268602822185,20.5,latin
55,133211,20001.0,Love Makoto,Japanese,4,4.5,364.0,38.898886,-77.014134,61.0,asian
56,133211,20001.0,Reren,Ramen,2,4.0,2405.0,38.900318145752,-77.0215911865234,20.5,asian
57,133211,20001.0,A Baked Joint,Coffee & Tea,2,4.4,2543.0,38.902465,-77.017275,20.5,cafes
58,133211,20001.0,Rumi’s Kitchen,Persian/Iranian,3,4.5,726.0,38.9040351,-77.0213156,45.5,middle_eastern
59,133211,20001.0,Yardbird,New American,3,3.8,735.0,38.90200175058615,-77.0258959538568,45.5,american
62,133211,20001.0,The Capital Burger,Burgers,2,4.3,988.0,38.90331,-77.021605,20.5,american
63,133211,20001.0,Mandu,Korean,2,3.9,913.0,38.9025165013075,-77.0182084994751,20.5,asian
64,133211,20001.0,SUNdeVICH,Sandwiches,2,4.2,643.0,38.90776373566,-77.024359310674,20.5,breakfast
65,133211,20001.0,Hamilton's Bar & Grill,Sports Bars,2,3.5,320.0,38.8932571411133,-77.0134048461914,20.5,bars
67,133211,20001.0,Tonari,Japanese,2,4.1,268.0,38.89867,-77.01958,20.5,asian
68,133211,20001.0,Right Proper Brewing Company,American,2,4.0,769.0,38.9153595,-77.021347,20.5,american
69,133211,20001.0,West Wing Cafe,Delis,2,4.3,97.0,38.9031659,-77.02551,20.5,breakfast
70,133211,20001.0,Qui Qui DC,Puerto Rican,2,4.3,153.0,38.91072013279398,-77.0216372,20.5,latin
71,133211,20001.0,Tatte Bakery and Cafe,Coffee & Tea,2,4.2,335.0,38.9006499,-77.0267439,20.5,cafes
72,133211,20001.0,Ambar Shaw,Modern European,2,4.4,145.0,38.91094,-77.02172,20.5,european
73,133211,20001.0,China Boy,Chinese,2,4.0,561.0,38.90037,-77.01957,20.5,asian
74,133211,20001.0,Daikaya Ramen Shop,Ramen,2,4.1,3675.0,38.8986,-77.0195899,20.5,asian
75,133211,20001.0,El Rinconcito Cafe,Salvadoran,1,4.1,617.0,38.90542,-77.0268,5.0,latin
76,133211,20001.0,ZumoThai,Asian Fusion,2,4.5,112.0,38.9003,-77.02164,20.5,asian
77,133211,20001.0,Haikan,Ramen,2,4.0,579.0,38.91799299,-77.02323518,20.5,asian
79,133211,20001.0,RPM Italian,Italian,3,4.0,1783.0,38.9023026852199,-77.0209709153443,45.5,european
81,133211,20001.0,Service Bar,Cocktail Bars,2,4.4,304.0,38.91683,-77.02501,20.5,bars
82,133211,20001.0,Wasai,Chinese,2,4.0,201.0,38.89905,-77.02222,20.5,asian
83,133211,20001.0,Tortino Restaurant,Italian,2,4.2,860.0,38.906591,-77.027296,20.5,european
84,133211,20001.0,Mandu,Korean,2,3.9,913.0,38.9025165013075,-77.0182084994751,20.5,asian
85,133211,20001.0,SUNdeVICH,Sandwiches,2,4.2,643.0,38.90776373566,-77.024359310674,20.5,breakfast
87,133211,20001.0,The Dignitary,Cocktail Bars,2,3.8,96.0,38.90376,-77.02478,20.5,bars
88,133211,20001.0,Dubliner Restaurant & Pub,Irish,2,3.6,863.0,38.8971526,-77.009472,20.5,european
89,133211,20001.0,Lost & Found,Cocktail Bars,2,3.6,181.0,38.90677,-77.02428,20.5,bars
90,133211,20001.0,Jackpot,Dive Bars,2,4.3,259.0,38.89934155115411,-77.02203414755776,20.5,bars
91,133211,20001.0,City Tap House Penn Quarter,Bars,2,3.9,1844.0,38.90104645534967,-77.02379934110401,20.5,bars
92,133211,20001.0,Hamilton's Bar & Grill,Sports Bars,2,3.5,320.0,38.8932571411133,-77.0134048461914,20.5,bars
93,133211,20001.0,Over Under Sportsbook Rooftop Lounge,Sports Bars,2,3.3,78.0,38.90227,-77.0187,20.5,bars
94,133211,20001.0,Death & Co DC,Cocktail Bars,3,4.0,78.0,38.90642,-77.02455,45.5,bars
95,133211,20001.0,Service Bar,Cocktail Bars,2,4.4,304.0,38.91683,-77.02501,20.5,bars
96,133211,20001.0,600 T,Cocktail Bars,2,4.6,142.0,38.91542,-77.02039,20.5,bars
98,133211,20001.0,The Royal,Coffee & Tea,2,4.2,401.0,38.9150428771973,-77.0185775756836,20.5,cafes
99,133211,20001.0,Ivy & Coney,Dive Bars,1,3.9,187.0,38.910656,-77.021568,5.0,bars
101,133211,20001.0,Dacha Beer Garden,Beer Gardens,2,4.1,489.0,38.91134387229278,-77.02214215768534,20.5,bars
102,133211,20001.0,Federal City Bar,Bars,3,4.2,16.0,38.8968,-77.010871,45.5,bars
103,133211,20001.0,Yardbird,New American,3,3.8,735.0,38.90200175058615,-77.0258959538568,45.5,american
104,133211,20001.0,All Souls Bar,Bars,2,3.9,143.0,38.9157506,-77.0227059,20.5,bars
107,133211,20001.0,Flash,Dance Clubs,2,3.1,205.0,38.91625,-77.02144,20.5,entertainment
109,133211,20001.0,Boundary Stone,New American,2,4.0,518.0,38.9153124721549,-77.0127552728748,20.5,american
110,133211,20001.0,Yard House,New American,2,3.8,629.0,38.90069860000002,-77.02212887055224,20.5,american
111,133211,20001.0,Supra,Bars,3,4.1,763.0,38.906,-77.026725,45.5,bars
113,133211,20001.0,Never Looked Better,Cocktail Bars,2,4.1,98.0,38.90653026947325,-77.02456047027019,20.5,bars
114,133211,20001.0,THROW Social,Cocktail Bars,2,3.8,339.0,38.91448365460386,-76.98406964931621,20.5,bars
115,133211,20001.0,Morris American Bar,Cocktail Bars,2,4.3,228.0,38.903683,-77.022099,20.5,bars
117,133211,20001.0,Bar Chinois,Chinese,2,4.2,208.0,38.90139,-77.01791,20.5,asian
118,133211,20001.0,Right Proper Brewing Company,American,2,4.0,769.0,38.9153595,-77.021347,20.5,american
120,133211,20001.0,Rocket Bar,Pool Halls,2,3.3,494.0,38.8990020751953,-77.0222244262695,20.5,entertainment
122,133211,20001.0,Solly's Tavern,Music Venues,1,3.4,209.0,38.916886768182,-77.027219144205,5.0,entertainment
123,133211,20001.0,Maxwell Park,Wine Bars,2,4.4,141.0,38.90843,-77.02425,20.5,bars
124,133211,20001.0,Tiger Fork,Chinese,2,3.9,903.0,38.9070698055236,-77.0248598,20.5,asian
125,133211,20001.0,Calico,Cocktail Bars,2,3.8,213.0,38.9064079503045,-77.0254480491635,20.5,bars
126,133211,20001.0,Present Company Public House,Pubs,2,4.6,110.0,38.9002246213413,-77.0172864220771,20.5,bars
127,133211,20001.0,Bartaco,Latin American,2,4.3,42.0,38.90279,-77.01831,20.5,latin
128,133211,20001.0,Chaplin's,Cocktail Bars,2,4.0,1417.0,38.909798,-77.023651,20.5,bars
129,133211,20001.0,Bartaco,Latin American,2,4.3,42.0,38.90279,-77.01831,20.5,latin
130,133211,20001.0,Chaplin's,Cocktail Bars,2,4.0,1417.0,38.909798,-77.023651,20.5,bars
131,133211,20001.0,The Capital Burger,Burgers,2,4.3,988.0,38.90331,-77.021605,20.5,american
132,133211,20001.0,Seven Reasons,Latin American,3,4.2,510.0,38.89996921804753,-77.0249762,45.5,latin
133,133211,20001.0,Article One Lounge,Lounges,3,3.3,9.0,38.89537,-77.01173,45.5,bars
134,133211,20001.0,The Ministry,Coffee & Tea,2,4.3,111.0,38.8978502,-77.011664,20.5,cafes
135,133211,20001.0,The Passenger,Bars,2,3.8,426.0,38.91071836970016,-77.02175765750285,20.5,bars
137,133211,20001.0,The Delegate,Breakfast & Brunch,2,3.7,232.0,38.90438,-77.02442,20.5,breakfast
139,107130,20002.0,Peregrine Espresso,Coffee & Tea,1,4.1,112.0,38.9087806,-76.9979685,5.0,cafes
140,107130,20002.0,Solid State Books,Bookstores,2,4.7,68.0,38.9003365874488,-76.99679710468791,20.5,cafes
141,107130,20002.0,Jacob's Coffee House,Coffee & Tea,1,4.3,260.0,38.894962310791,-76.9947509765625,5.0,cafes
142,107130,20002.0,Cups & Co,Coffee & Tea,1,3.8,6.0,38.8922929877525,-77.0069745182991,5.0,cafes
144,107130,20002.0,Blue Bottle Coffee - Union Market,Coffee & Tea,2,4.0,90.0,38.908168,-77.000179,20.5,cafes
147,107130,20002.0,Qualia Coffee,Coffee & Tea,1,3.9,362.0,38.91068,-77.00473,5.0,cafes
148,107130,20002.0,Ebenezers Coffeehouse,Coffee & Tea,2,4.1,574.0,38.8971287119908,-77.0032858099355,20.5,cafes
149,107130,20002.0,Pluma By Bluebird Bakery,Bakeries,2,4.2,203.0,38.9079775974755,-77.0003633854441,20.5,cafes
151,107130,20002.0,Unido Panama Coffee Roasters,Coffee & Tea,2,4.1,67.0,38.908986,-76.999617,20.5,cafes
152,107130,20002.0,La Colombe Coffee,Coffee & Tea,2,4.4,57.0,38.9053473599814,-77.0026682420707,20.5,cafes
153,107130,20002.0,Sidamo Coffee and Tea,Coffee & Tea,1,4.3,525.0,38.89994,-76.9999,5.0,cafes
155,107130,20002.0,Maketto,Cafes,3,4.1,1274.0,38.89990414059217,-76.98666519999999,45.5,cafes
157,107130,20002.0,Peet's Coffee,Coffee & Tea,2,4.8,25.0,38.90681,-77.00541,20.5,cafes
159,107130,20002.0,Blue Bottle Coffee - Union Station,Coffee & Tea,2,3.8,120.0,38.897347,-77.006174,20.5,cafes
160,107130,20002.0,Junction Bistro Bar and Bakery,Bakeries,2,4.2,95.0,38.894935,-77.0022589,20.5,cafes
161,107130,20002.0,Junction Bistro Bar and Bakery,Bakeries,2,4.2,95.0,38.894935,-77.0022589,20.5,cafes
162,107130,20002.0,Union Kitchen Grocery,Coffee & Tea,2,4.1,16.0,38.91209,-77.00369,20.5,cafes
163,107130,20002.0,Uptown Cafe,Coffee & Tea,1,3.6,83.0,38.905458,-77.005096,5.0,cafes
165,107130,20002.0,Tiger Sugar Boba Bubble Tea shop DC,Bubble Tea,2,3.9,23.0,38.92207696395166,-76.99656949999999,20.5,cafes
169,107130,20002.0,Maketto,Cafes,3,4.1,1274.0,38.89990414059217,-76.98666519999999,45.5,cafes
170,107130,20002.0,Menomale,Pizza,2,4.4,98.0,38.906978,-77.007822,20.5,american
172,107130,20002.0,Cane,Trinidadian,2,4.4,637.0,38.9,-77.00032,20.5,latin
173,107130,20002.0,Laos In Town,Laotian,2,4.4,807.0,38.9028426184772,-77.00229728650758,20.5,asian
174,107130,20002.0,Treehouse Rooftop,Wine Bars,2,4.0,57.0,38.91089365691521,-76.99753875994404,20.5,bars
175,107130,20002.0,Copycat Co,Cocktail Bars,2,4.3,777.0,38.9004517,-76.9910202,20.5,bars
176,107130,20002.0,Mecha Noodle Bar,Ramen,3,4.3,81.0,38.90795,-77.00064,45.5,asian
178,107130,20002.0,O-Ku,Sushi Bars,3,4.5,697.0,38.90824083550104,-76.99870358398579,45.5,asian
179,107130,20002.0,CR NoMa,Mediterranean,2,4.4,180.0,38.90591,-77.00473,20.5,european
180,107130,20002.0,St. Anselm,Steakhouses,3,4.4,1029.0,38.907794,-76.999082,45.5,american
181,107130,20002.0,Tiki Garden Thai Street Food,Thai,2,4.8,92.0,38.90041,-76.9885,20.5,asian
183,107130,20002.0,El Presidente,Mexican,3,4.1,265.0,38.90862,-77.0006,45.5,latin
185,107130,20002.0,The Pub & The People,New American,2,4.2,328.0,38.91233844891041,-77.0093277,20.5,american
186,107130,20002.0,Nostra Cucina,Italian,2,4.4,140.0,38.89496,-77.00118,20.5,european
187,107130,20002.0,Bronze,New American,3,4.3,180.0,38.900002317932426,-76.98868639999999,45.5,american
189,107130,20002.0,Stellina Pizzeria,Pizza,2,4.1,316.0,38.9078,-77.00032,20.5,american
190,107130,20002.0,The Haymaker Bar,New American,2,4.3,86.0,38.89993,-76.99205,20.5,american
191,107130,20002.0,La Cosecha,Cultural Center,2,4.5,80.0,38.909007,-76.9996115,20.5,entertainment
193,107130,20002.0,King Street Oyster Bar,Seafood,2,4.0,659.0,38.905967,-77.008042,20.5,asian
199,107130,20002.0,Treehouse Rooftop,Wine Bars,2,4.0,57.0,38.91089365691521,-76.99753875994404,20.5,bars
201,107130,20002.0,Cotton & Reed,Distilleries,2,4.3,215.0,38.9094889860117,-76.9977027922869,20.5,retail
204,107130,20002.0,Republic Restoratives Distillery,Distilleries,2,4.4,104.0,38.9154040687813,-76.9852808117867,20.5,retail
206,107130,20002.0,Other Half Brewing DC,Breweries,2,4.9,88.0,38.91425316524378,-76.98375121165662,20.5,retail
207,107130,20002.0,Jimmy Valentine's Lonely Hearts Club,Dive Bars,2,4.4,81.0,38.90392,-76.9806,20.5,bars
208,107130,20002.0,Metrobar DC,Bars,2,4.0,119.0,38.9212319,-76.9968751,20.5,bars
209,107130,20002.0,Little Miss Whiskey's Golden Dollar,Bars,2,3.9,350.0,38.90043,-76.99121,20.5,bars
210,107130,20002.0,Wunder Garten At Noma,Beer Gardens,2,3.7,253.0,38.90399857933707,-77.00541937364945,20.5,bars
211,107130,20002.0,Union Pub,Pubs,2,3.4,424.0,38.894788385996975,-77.00304000235836,20.5,bars
212,107130,20002.0,CR NoMa,Mediterranean,2,4.4,180.0,38.90591,-77.00473,20.5,european
213,107130,20002.0,Copycat Co,Cocktail Bars,2,4.3,777.0,38.9004517,-76.9910202,20.5,bars
214,107130,20002.0,The Pub & The People,New American,2,4.2,328.0,38.91233844891041,-77.0093277,20.5,american
215,107130,20002.0,Red Bear Brewing,Breweries,2,4.0,257.0,38.90544,-77.00247,20.5,retail
217,107130,20002.0,Tiki Garden Thai Street Food,Thai,2,4.8,92.0,38.90041,-76.9885,20.5,asian
219,107130,20002.0,The Haymaker Bar,New American,2,4.3,86.0,38.89993,-76.99205,20.5,american
224,107130,20002.0,Bistro Cacao,French,3,4.2,806.0,38.8944704296041,-77.00110386499308,45.5,european
225,107130,20002.0,Hill Prince,Cocktail Bars,2,4.2,76.0,38.899893,-76.986978,20.5,bars
228,107130,20002.0,The Conservatory at Ivy City,Cocktail Bars,3,4.2,5.0,38.914413,-76.984257,45.5,bars
230,107130,20002.0,Dirty Water,Sports Bars,2,4.0,45.0,38.9002024063803,-76.9940482762149,20.5,bars
231,107130,20002.0,Stable DC,Modern European,2,4.6,348.0,38.900399,-76.987348,20.5,european
232,155054,20003.0,Any Day Now,Coffee & Tea,2,4.3,167.0,38.87955,-77.00859,20.5,cafes
233,155054,20003.0,The Roost,Coffee & Tea,2,4.1,135.0,38.87980720664,-76.9852322620679,20.5,cafes
235,155054,20003.0,La Famosa,Puerto Rican,2,4.2,422.0,38.87476196056468,-77.00001389556692,20.5,latin
237,155054,20003.0,Souk,Herbs & Spices,2,4.0,176.0,38.880962,-76.995307,20.5,cafes
238,155054,20003.0,Peregrine Espresso,Coffee & Tea,2,4.3,530.0,38.88553632545,-76.996396911717,20.5,cafes
241,155054,20003.0,as you are.,Bars,2,4.6,41.0,38.88257,-76.99471,20.5,bars
242,155054,20003.0,Gregorys Coffee,Bakeries,2,3.8,87.0,38.87698839999999,-77.0044963,20.5,cafes
243,155054,20003.0,Gregorys Coffee,Bakeries,2,3.8,87.0,38.87698839999999,-77.0044963,20.5,cafes
244,155054,20003.0,Le Bon Cafe,Coffee & Tea,2,3.7,235.0,38.8872604,-77.0033569,20.5,cafes
245,155054,20003.0,Barrel,New American,2,4.3,939.0,38.8851357980807,-76.9978595803566,20.5,american
247,155054,20003.0,Shilling Canning Company,New American,2,4.3,260.0,38.87397,-77.00108,20.5,american
249,155054,20003.0,Chloe,New American,2,4.5,693.0,38.87431,-77.00072,20.5,american
250,155054,20003.0,CIRCA at Navy Yard,American,2,4.4,561.0,38.87629,-77.00629,20.5,american
251,155054,20003.0,Caruso's Grocery,Italian,2,4.6,263.0,38.879703,-76.985245,20.5,european
253,155054,20003.0,Ambar,Modern European,3,4.5,2287.0,38.88208,-76.99534,45.5,european
254,155054,20003.0,La Casina,Pizza,2,4.4,106.0,38.88537,-76.99645,20.5,american
256,155054,20003.0,Rose's Luxury,New American,4,4.5,2380.0,38.88063,-76.99534,61.0,american
257,155054,20003.0,Free State,Wine Bars,2,4.3,140.0,38.898453,-77.019255,20.5,bars
259,155054,20003.0,Barrel,New American,2,4.3,939.0,38.8851357980807,-76.9978595803566,20.5,american
260,155054,20003.0,as you are.,Bars,2,4.6,41.0,38.88257,-76.99471,20.5,bars
261,155054,20003.0,Bluejacket,Breweries,2,3.5,1363.0,38.874952961886,-77.00076755087,20.5,retail
264,155054,20003.0,The Bullpen,Sports Bars,2,3.5,123.0,38.875366052539405,-77.00773318220872,20.5,bars
271,155054,20003.0,Smoke & Mirrors,Bars,2,3.3,276.0,38.88026990594507,-77.00567749999999,20.5,bars
272,155054,20003.0,Betsy,Bars,2,4.1,124.0,38.88222794958307,-76.99469676016406,20.5,bars
273,155054,20003.0,Tom's Watch Bar,Sports Bars,2,3.8,78.0,38.87548784628661,-77.00728649999999,20.5,bars
274,155054,20003.0,Fight Club,Bars,2,4.0,470.0,38.8847842208475,-76.9973258,20.5,bars
275,152955,20004.0,Gregorys Coffee,Coffee & Tea,2,3.6,112.0,38.8959499,-77.02177979999999,20.5,cafes
276,152955,20004.0,Timgad Cafe,Coffee & Tea,1,4.1,148.0,38.89360349731878,-77.02926874631972,5.0,cafes
281,152955,20004.0,Compass Coffee,Coffee & Tea,2,4.2,307.0,38.89714,-77.02100676404511,20.5,cafes
282,152955,20004.0,Puro Gusto Cafe,Coffee & Tea,1,3.9,94.0,38.89748396923004,-77.03134942799807,5.0,cafes
283,152955,20004.0,Pitango Gelato & Coffee,Coffee & Tea,2,4.2,1040.0,38.8950575888157,-77.0218540728092,20.5,cafes
284,152955,20004.0,Pitango Gelato & Coffee,Coffee & Tea,2,4.2,1040.0,38.8950575888157,-77.0218540728092,20.5,cafes
286,152955,20004.0,Café du Parc,French,2,3.4,496.0,38.8964914630626,-77.0326561039029,20.5,european
287,152955,20004.0,Proper 21 - F Street,Bars,2,3.9,861.0,38.8976440429688,-77.0305938720703,20.5,bars
288,152955,20004.0,Rasika,Indian,2,4.2,3943.0,38.8950080871582,-77.0212860107422,20.5,middle_eastern
290,152955,20004.0,Matchbox - Penn Quarter,New American,2,4.1,460.0,38.89595,-77.02249,20.5,american
293,152955,20004.0,The Smith,New American,2,3.9,1590.0,38.897666,-77.024307,20.5,american
296,152955,20004.0,Mi Vida,Mexican,3,4.0,155.0,38.89705,-77.02151,45.5,latin
297,152955,20004.0,Succotash Prime,Southern,2,4.1,1314.0,38.89764,-77.02474,20.5,american
298,152955,20004.0,OPO Bar & Lounge,Lounges,4,5.0,1.0,38.89424872193416,-77.02747742194228,61.0,bars
299,152955,20004.0,Proper 21 - F Street,Bars,2,3.9,861.0,38.8976440429688,-77.0305938720703,20.5,bars
300,152955,20004.0,Denson Liquor Bar,Cocktail Bars,3,4.3,434.0,38.897073,-77.020247,45.5,bars
301,152955,20004.0,Round Robin Bar,Bars,3,3.8,201.0,38.8963597742277,-77.0323094509132,45.5,bars
302,152955,20004.0,The Smith,New American,2,3.9,1590.0,38.897666,-77.024307,20.5,american
304,152955,20004.0,Living Room Bar,Bars,2,4.3,10.0,38.8967984,-77.0327448,20.5,bars
305,152955,20004.0,Elephant & Castle,British,2,3.4,1098.0,38.8955765720028,-77.028547874205,20.5,european
308,152955,20004.0,Silver Lyan,Cocktail Bars,3,4.3,164.0,38.89708534,-77.02443253,45.5,bars
310,152955,20004.0,Shelly's Back Room,New American,2,3.6,481.0,38.8974801984563,-77.031163412442,20.5,american
311,152955,20004.0,Penn Quarter Sports Tavern,Sports Bars,2,3.6,614.0,38.89428,-77.02146,20.5,bars
312,152955,20004.0,Puttery,Mini Golf,2,3.9,245.0,38.896891,-77.023434,20.5,entertainment
313,109147,20005.0,South Block,Juice Bars & Smoothies,2,4.3,43.0,38.909488,-77.03226,20.5,cafes
315,109147,20005.0,Slipstream,Coffee & Tea,2,3.8,613.0,38.9083633422852,-77.031494140625,20.5,cafes
317,109147,20005.0,Coffee Republic - Metro Center,Coffee & Tea,2,3.8,25.0,38.89788882310091,-77.0293001,20.5,cafes
322,109147,20005.0,Gallery Cafe,Cafes,2,4.1,28.0,38.90060035054428,-77.0324436916465,20.5,cafes
324,109147,20005.0,Dua Dc Coffee,Coffee & Tea,2,4.7,324.0,38.90191,-77.03328,20.5,cafes
325,109147,20005.0,Compass Coffee,Coffee Roasteries,2,4.3,76.0,38.901542,-77.032095,20.5,cafes
326,109147,20005.0,Swings Coffee,Coffee & Tea,2,4.4,135.0,38.8977603,-77.0320949,20.5,cafes
328,109147,20005.0,Paul French Bakery & Cafe - Franklin Square,Bakeries,2,3.5,162.0,38.90291,-77.02914,20.5,cafes
329,109147,20005.0,JOE & THE JUICE,Juice Bars & Smoothies,2,3.3,224.0,38.902268,-77.034726,20.5,cafes
330,109147,20005.0,Nino's Bakery,Bakeries,2,4.8,169.0,38.903555,-77.030344,20.5,cafes
333,109147,20005.0,Barcelona Wine Bar,Tapas/Small Plates,2,4.2,2254.0,38.91211256662496,-77.03215627334023,20.5,latin
334,109147,20005.0,Bozzelli's,Pizza,2,4.3,307.0,38.90339751472666,-77.0329814177919,20.5,american
335,109147,20005.0,JINYA Ramen Bar - Logan Circle,Ramen,2,4.1,1345.0,38.90845011013803,-77.03221963602826,20.5,asian
336,109147,20005.0,Soupy Dumpling & Fancy Cuppa Bubble Tea,Chinese,2,4.5,63.0,38.90793,-77.03229,20.5,asian
338,109147,20005.0,La Grande Boucherie,French,3,4.4,429.0,38.89817,-77.03162,45.5,european
339,109147,20005.0,ChurchKey,New American,2,3.9,1512.0,38.908492821790304,-77.03169314110445,20.5,american
340,109147,20005.0,"Joe's Seafood, Prime Steak & Stone Crab",Seafood,3,4.3,2011.0,38.89997328649278,-77.03393236740881,45.5,asian
342,109147,20005.0,Grazie Nonna,Italian,2,4.1,527.0,38.90401,-77.035,20.5,european
344,109147,20005.0,The Best Sandwich Place,Breakfast & Brunch,2,4.5,368.0,38.901,-77.03033,20.5,breakfast
345,109147,20005.0,The Hamilton,Seafood,2,3.9,3686.0,38.8974544016632,-77.0320804809509,20.5,asian
346,109147,20005.0,Immigrant Food,New American,2,4.2,219.0,38.90228434195082,-77.02930733940048,20.5,american
347,109147,20005.0,Mazi,New American,3,4.5,385.0,38.90213,-77.03544,45.5,american
348,109147,20005.0,Da Hong Pao,Cantonese,2,3.8,1062.0,38.9093783217825,-77.03174,20.5,asian
349,109147,20005.0,JINYA Ramen Bar - Logan Circle,Ramen,2,4.1,1345.0,38.90845011013803,-77.03221963602826,20.5,asian
351,109147,20005.0,Cornerstone Cafe,Bagels,1,4.0,67.0,38.9058227,-77.0349121,5.0,breakfast
352,109147,20005.0,14th St Cafe Asian Bistro,Chinese,2,4.1,281.0,38.90943,-77.0322599,20.5,asian
355,109147,20005.0,Pappe,Indian,3,4.0,528.0,38.90783,-77.03162,45.5,middle_eastern
356,109147,20005.0,Arepa Zone,Venezuelan,2,4.2,398.0,38.9045,-77.03159,20.5,latin
357,109147,20005.0,Logan Tavern,New American,2,3.9,1149.0,38.9097849,-77.0325964,20.5,american
359,109147,20005.0,The Crown & Crow,Bars,2,4.5,149.0,38.90783,-77.03162,20.5,bars
360,109147,20005.0,Union Trust,Whiskey Bars,2,4.5,79.0,38.89977852185501,-77.03396807053333,20.5,bars
361,109147,20005.0,The Mirror,Cocktail Bars,2,4.1,228.0,38.90291,-77.03268,20.5,bars
362,109147,20005.0,ChurchKey,New American,2,3.9,1512.0,38.908492821790304,-77.03169314110445,20.5,american
363,109147,20005.0,Ellipse Rooftop Bar,Cocktail Bars,2,3.9,46.0,38.90213,-77.03567,20.5,bars
365,109147,20005.0,Kingfisher,Bars,2,4.3,122.0,38.909378,-77.032363,20.5,bars
366,109147,20005.0,The Hamilton,Seafood,2,3.9,3686.0,38.8974544016632,-77.0320804809509,20.5,asian
367,109147,20005.0,Green Lantern,Gay Bars,1,3.7,104.0,38.9044761657715,-77.0308837890625,5.0,bars
371,109147,20005.0,Capitol City Brewing Company,Breweries,2,3.3,1334.0,38.90007812801931,-77.02740674448425,20.5,retail
373,109147,20005.0,Le Bar,Bars,3,3.8,56.0,38.90051,-77.03399,45.5,bars
374,109147,20005.0,Immigrant Food,New American,2,4.2,219.0,38.90228434195082,-77.02930733940048,20.5,american
375,109147,20005.0,Black Whiskey,Whiskey Bars,2,3.4,174.0,38.9092771,-77.032151,20.5,bars
379,109147,20005.0,Fringetree,Bars,2,3.2,11.0,38.9052506,-77.0334345,20.5,bars
380,109147,20005.0,The Park at 14th,Bars,2,3.7,1297.0,38.90192164703521,-77.03227518745507,20.5,bars
382,34352,20006.0,Filter Coffeehouse Foggy Bottom,Coffee & Tea,2,4.1,140.0,38.9011876054021,-77.0442822416078,20.5,cafes
383,34352,20006.0,Swing Coffee Roasters,Coffee & Tea,1,4.2,239.0,38.898096,-77.039904,5.0,cafes
384,34352,20006.0,Compass Coffee,Coffee & Tea,1,4.1,123.0,38.90104283047646,-77.04142889811735,5.0,cafes
386,34352,20006.0,Tatte Bakery & Cafe,Coffee & Tea,2,4.3,98.0,38.90124763268285,-77.03886612004283,20.5,cafes
388,34352,20006.0,La Colombe Coffee,Coffee & Tea,1,4.2,103.0,38.90119027315654,-77.04015745482744,5.0,cafes
389,34352,20006.0,Peet's Coffee,Coffee & Tea,2,3.8,108.0,38.89923,-77.03998,20.5,cafes
390,34352,20006.0,54 Restaurant,Vietnamese,2,4.4,157.0,38.895764217248086,-77.02863950823993,20.5,asian
394,34352,20006.0,Off The Record,Bars,3,4.1,409.0,38.90051,-77.037,45.5,bars
395,34352,20006.0,Immigrant Food at The White House,New American,2,4.2,232.0,38.89930989522125,-77.04013870345734,20.5,american
396,34352,20006.0,Off The Record,Bars,3,4.1,409.0,38.90051,-77.037,45.5,bars
398,34352,20006.0,Blackfinn Ameripub - DC,Sports Bars,2,3.4,665.0,38.90106,-77.0375,20.5,bars
399,34352,20006.0,Duke's Grocery,Burgers,2,3.9,393.0,38.9005159886944,-77.0460143246063,20.5,american
401,145048,20007.0,maman,Bakeries,2,4.0,198.0,38.90806198959202,-77.06343909032744,20.5,cafes
402,145048,20007.0,Cafe Georgetown,Coffee & Tea,2,4.1,347.0,38.90693280779784,-77.06267278607866,20.5,cafes
404,145048,20007.0,Compass Coffee,Coffee Roasteries,2,4.3,113.0,38.9079272113141,-77.0635198205313,20.5,cafes
406,145048,20007.0,Momo's Cafe,Asian Fusion,2,4.1,203.0,38.91684,-77.0965,20.5,asian
407,145048,20007.0,Bakeshop,Bakeries,2,4.4,56.0,38.90383043575996,-77.063507,20.5,cafes
410,145048,20007.0,Yellow The Cafe,Bakeries,2,4.5,330.0,38.909471,-77.064615,20.5,cafes
412,145048,20007.0,Boulangerie Christophe,Bakeries,2,4.1,502.0,38.9082999,-77.06399,20.5,cafes
413,145048,20007.0,Patisserie Poupon,Bakeries,2,3.8,387.0,38.9116325378418,-77.0652236938477,20.5,cafes
414,145048,20007.0,Blue Bottle Coffee - Georgetown,Coffee & Tea,2,3.9,293.0,38.90442169288419,-77.06537703382885,20.5,cafes
418,145048,20007.0,Point Chaud Cafe & Crepes,Creperies,2,3.7,57.0,38.920154,-77.071873,20.5,cafes
421,145048,20007.0,Call Your Mother Deli - Georgetown,Delis,2,4.4,382.0,38.9076174,-77.068837,20.5,breakfast
422,145048,20007.0,Black Coffee,Coffee & Tea,2,4.1,106.0,38.9179,-77.09682,20.5,cafes
428,145048,20007.0,Ruta Ukrainian Restaurant,Ukrainian,2,4.5,74.0,38.88536643920551,-76.996494,20.5,european
429,145048,20007.0,Filomena Ristorante,Italian,3,4.2,3585.0,38.90443,-77.062546,45.5,european
430,145048,20007.0,Brasserie Liberte,French,2,4.0,525.0,38.906176,-77.064069,20.5,european
431,145048,20007.0,Eerkin's Uyghur Cuisine,Noodles,2,4.3,199.0,38.921397,-77.072513,20.5,asian
433,145048,20007.0,Brasserie Liberte,French,2,4.0,525.0,38.906176,-77.064069,20.5,european
434,145048,20007.0,Ruta Ukrainian Restaurant,Ukrainian,2,4.5,74.0,38.88536643920551,-76.996494,20.5,european
436,145048,20007.0,The Sovereign,Belgian,2,3.9,560.0,38.9055439446593,-77.063429367214,20.5,european
437,145048,20007.0,Blues Alley,Jazz & Blues,2,3.8,340.0,38.9046849046108,-77.0621609687805,20.5,bars
438,145048,20007.0,The Tombs,New American,2,3.8,456.0,38.90602571513648,-77.07044349238734,20.5,american
439,145048,20007.0,The Rooftop at The Graham,Cocktail Bars,3,3.3,69.0,38.904775,-77.059903,45.5,bars
440,145048,20007.0,The Tombs,New American,2,3.8,456.0,38.90602571513648,-77.07044349238734,20.5,american
441,145048,20007.0,The Rooftop at The Graham,Cocktail Bars,3,3.3,69.0,38.904775,-77.059903,45.5,bars
443,123134,20008.0,Politics and Prose,Bookstores,2,4.2,379.0,38.95547,-77.06965,20.5,cafes
446,123134,20008.0,Bread Furst,Bakeries,1,3.6,633.0,38.947456,-77.065943,5.0,cafes
447,123134,20008.0,Morsel's,Coffee & Tea,3,3.0,3.0,38.922855072868,-77.0538241064872,45.5,cafes
449,123134,20008.0,Han Palace,Dim Sum,2,3.9,299.0,38.92497,-77.05199,20.5,asian
451,123134,20008.0,Umi Japanese Cuisine,Sushi Bars,2,3.9,582.0,38.92431,-77.05148,20.5,asian
452,123134,20008.0,Atomic Billiards,Pool Halls,1,3.9,127.0,38.93524,-77.05789,5.0,entertainment
453,123134,20008.0,Marquee Bar And Lounge,Cocktail Bars,3,3.3,11.0,38.9227245097016,-77.0537713730169,45.5,bars
454,123134,20008.0,Harry's Pub,Pubs,2,2.9,57.0,38.9243942211468,-77.0548882235565,20.5,bars
455,123134,20008.0,Harry's Pub,Pubs,2,2.9,57.0,38.9243942211468,-77.0548882235565,20.5,bars
456,123134,20008.0,Nanny O'Brien's Irish Pub,Pubs,2,3.6,235.0,38.934101,-77.057195,20.5,bars
459,132374,20009.0,La Colombe Coffee,Coffee & Tea,2,3.4,118.0,38.9199028015137,-77.0311737060547,20.5,cafes
461,132374,20009.0,D Light Cafe & Bakery,Breakfast & Brunch,2,4.5,136.0,38.92238,-77.04229,20.5,breakfast
465,132374,20009.0,The Newsroom,Coffee & Tea,1,4.2,25.0,38.9135703,-77.0459966,5.0,cafes
466,132374,20009.0,Mikko,Scandinavian,2,4.3,178.0,38.91241,-77.03797,20.5,european
467,132374,20009.0,Tryst,Lounges,2,4.0,1833.0,38.9219703674316,-77.042121887207,20.5,bars
469,132374,20009.0,The Potter's House,Coffee & Tea,1,4.3,253.0,38.9250305,-77.0387367,5.0,cafes
472,132374,20009.0,Firehook Bakery,Bakeries,1,3.5,371.0,38.9112702,-77.043817,5.0,cafes
473,132374,20009.0,The Coffee Bar,Coffee & Tea,2,4.1,348.0,38.9143154,-77.0282699067459,20.5,cafes
474,132374,20009.0,Three Fifty Bakery and Coffee Bar,Desserts,2,4.5,349.0,38.91275337449321,-77.0382126,20.5,cafes
475,132374,20009.0,Bluestone Lane - Logan Circle Café,Coffee & Tea,2,4.4,100.0,38.9125855295955,-77.0311773,20.5,cafes
476,132374,20009.0,Colada Shop,Coffee & Tea,2,4.0,603.0,38.91573411332448,-77.0323945288129,20.5,cafes
478,132374,20009.0,Songbyrd Record Cafe,Vinyl Records,2,3.8,226.0,38.91022,-76.99647,20.5,cafes
479,132374,20009.0,Yerevan,Desserts,1,4.6,77.0,38.91904458045658,-77.04174314896505,5.0,cafes
481,132374,20009.0,Dolcezza,Coffee & Tea,2,4.2,679.0,38.91286949736816,-77.04555414341571,20.5,cafes
482,132374,20009.0,Zeleno,Sandwiches,2,4.3,95.0,38.911483,-77.044128,20.5,breakfast
484,132374,20009.0,Cafe Integral,Coffee & Tea,2,3.7,23.0,38.91604,-77.04687,20.5,cafes
485,132374,20009.0,Mikko,Scandinavian,2,4.3,178.0,38.91241,-77.03797,20.5,european
487,132374,20009.0,Osteria Al  Volo,Italian,2,4.5,562.0,38.92271878316674,-77.04217705493204,20.5,european
489,132374,20009.0,Floriana,Italian,2,4.1,935.0,38.91133287092,-77.0386550000805,20.5,european
493,132374,20009.0,Mi Vida,Mexican,2,4.1,194.0,38.91576991864604,-77.03149164891241,20.5,latin
494,132374,20009.0,Rooster & Owl,New American,4,4.5,480.0,38.9215571973142,-77.0323891192675,61.0,american
495,132374,20009.0,Across The Pond,American,2,4.4,224.0,38.9136787,-77.0460517,20.5,american
497,132374,20009.0,Federalist Pig,Barbeque,2,4.3,867.0,38.925033,-77.038606,20.5,american
498,132374,20009.0,Ted's Bulletin,Breakfast & Brunch,2,4.0,2267.0,38.91469,-77.03211,20.5,breakfast
499,132374,20009.0,CODE RED,Cocktail Bars,2,4.6,114.0,38.92168,-77.0427,20.5,bars
500,132374,20009.0,Retrobottega,Tapas/Small Plates,2,4.4,297.0,38.92143,-77.04193,20.5,latin
501,132374,20009.0,Gypsy Kitchen DC,Tapas/Small Plates,2,4.3,919.0,38.91488,-77.03155,20.5,latin
503,132374,20009.0,ANJU,Korean,2,4.3,560.0,38.91437,-77.04149,20.5,asian
504,132374,20009.0,Maydan,Moroccan,4,4.4,1224.0,38.9198436416598,-77.0310185087658,61.0,european
507,132374,20009.0,Akira Ramen & Izakaya,Ramen,2,4.3,142.0,38.92249411161132,-77.04231139448473,20.5,asian
509,132374,20009.0,Doi Moi,Vietnamese,2,3.9,1341.0,38.9141018649927,-77.0321429153443,20.5,asian
510,132374,20009.0,Chicken + Whiskey,Venezuelan,2,4.2,673.0,38.913855,-77.032106,20.5,latin
511,132374,20009.0,Lapis,Afghan,2,4.3,1030.0,38.9212443139038,-77.0436972509161,20.5,middle_eastern
512,132374,20009.0,Compass Rose,Cocktail Bars,3,4.2,922.0,38.915375128152895,-77.03151827397103,45.5,bars
513,132374,20009.0,Bandit Taco,Mexican,1,4.0,306.0,38.91678,-77.03712,5.0,latin
515,132374,20009.0,Tail Up Goat,Cocktail Bars,3,4.3,874.0,38.9235881935023,-77.0431297123031,45.5,bars
518,132374,20009.0,Doi Moi,Vietnamese,2,3.9,1341.0,38.9141018649927,-77.0321429153443,20.5,asian
519,132374,20009.0,Jane Jane,Cocktail Bars,2,4.5,131.0,38.91281695084098,-77.0317396670805,20.5,bars
520,132374,20009.0,CODE RED,Cocktail Bars,2,4.6,114.0,38.92168,-77.0427,20.5,bars
522,132374,20009.0,Madam's Organ,Jazz & Blues,2,3.8,509.0,38.92204,-77.04214,20.5,bars
523,132374,20009.0,Left Door,Cocktail Bars,3,3.7,225.0,38.91428,-77.03148,45.5,bars
525,132374,20009.0,Aslin Beer Company,Breweries,2,4.3,57.0,38.91392,-77.03255,20.5,retail
527,132374,20009.0,Across The Pond,American,2,4.4,224.0,38.9136787,-77.0460517,20.5,american
529,132374,20009.0,Colada Shop,Coffee & Tea,2,4.0,603.0,38.91573411332448,-77.0323945288129,20.5,cafes
530,132374,20009.0,Red Light,Bars,2,3.8,302.0,38.9127595185657,-77.0321166428528,20.5,bars
531,132374,20009.0,Garden District,Barbeque,2,4.0,346.0,38.9141842,-77.0320102,20.5,american
533,132374,20009.0,Exiles Bar,Bars,2,4.3,119.0,38.91679,-77.0373199,20.5,bars
534,132374,20009.0,Salazar,Bars,2,4.4,184.0,38.91469,-77.03155,20.5,bars
535,132374,20009.0,Franklin Hall,Beer Bar,2,3.9,212.0,38.9200198621358,-77.0312701951065,20.5,bars
537,132374,20009.0,McClellan's Retreat,Bars,2,4.2,222.0,38.9143463,-77.04659567291002,20.5,bars
540,132374,20009.0,The Green Zone,Cocktail Bars,2,4.1,198.0,38.91947,-77.04189,20.5,bars
543,132374,20009.0,Black Jack,Lounges,2,3.8,254.0,38.9116189,-77.03229769508916,20.5,bars
545,132374,20009.0,Tiki On 18th,Tiki Bars,2,4.0,221.0,38.9208884,-77.0417215,20.5,bars
547,132374,20009.0,Board Room,Sports Bars,2,4.0,430.0,38.913678,-77.04532568464947,20.5,bars
549,106560,20010.0,Ellē,Cafes,2,4.0,365.0,38.93173,-77.03816,20.5,cafes
550,106560,20010.0,Tynan Coffee & Tea,Coffee & Tea,2,3.5,313.0,38.9286118597153,-77.0333437273372,20.5,cafes
551,106560,20010.0,Doubles,Coffee & Tea,1,4.4,205.0,38.9296029509668,-77.0235609626942,5.0,cafes
553,106560,20010.0,Le Caprice DC,Cafes,1,3.5,349.0,38.9328151,-77.032744,5.0,cafes
555,106560,20010.0,Taqueria Habanero,Mexican,2,4.3,1083.0,38.93755,-77.03309,20.5,latin
557,106560,20010.0,Purple Patch,Filipino,2,4.4,1465.0,38.93057,-77.03762,20.5,asian
559,106560,20010.0,Thip Khao,Laotian,2,4.4,1433.0,38.9329951308367,-77.03298782558623,20.5,asian
560,106560,20010.0,Heat Da Spot,Coffee & Tea,2,4.8,504.0,38.9304254,-77.0232633,20.5,cafes
566,106560,20010.0,Reliable Tavern,Bars,2,4.7,74.0,38.93605,-77.024,20.5,bars
568,106560,20010.0,The Midlands Beer Garden,Beer Bar,2,4.0,187.0,38.9318450441098,-77.0234600454569,20.5,bars
569,106560,20010.0,Purple Patch,Filipino,2,4.4,1465.0,38.93057,-77.03762,20.5,asian
571,106560,20010.0,Taqueria Habanero,Mexican,2,4.3,1083.0,38.93755,-77.03309,20.5,latin
574,106560,20010.0,Mr Braxton Bar & Kitchen,New American,2,4.0,667.0,38.934971,-77.024398,20.5,american
575,106560,20010.0,St Vincent Wine,Wine Bars,2,3.9,143.0,38.93044886354697,-77.0237689,20.5,bars
576,106560,20010.0,Looking Glass Lounge,Lounges,2,3.8,241.0,38.935187,-77.024495,20.5,bars
582,97327,20011.0,Büna Coffeehouse,Coffee & Tea,2,4.7,161.0,38.9441184997559,-77.0264511108398,20.5,cafes
584,97327,20011.0,Menya Hosaki,Ramen,2,4.7,395.0,38.942141,-77.024679,20.5,asian
588,97327,20011.0,Lyman's Tavern,Bars,1,4.1,133.0,38.93774620335643,-77.0329999467969,5.0,bars
589,97327,20011.0,Brightwood Pizza & Bottle by ANXO,Bars,2,4.4,73.0,38.9565769,-77.0228742,20.5,bars
590,97327,20011.0,Brightwood Pizza & Bottle by ANXO,Bars,2,4.4,73.0,38.9565769,-77.0228742,20.5,bars
591,97327,20011.0,Jackie Lee's,Bars,1,4.7,69.0,38.95639,-77.01249,5.0,bars
592,110375,20012.0,Moh Moh Licious,Himalayan/Nepalese,1,4.6,131.0,38.98003,-77.02677,5.0,asian
593,235511,20015.0,Open City At the National Cathedral,Cafes,2,3.8,150.0,38.92981115096891,-77.07135502599509,20.5,cafes
595,169489,20016.0,Compass Coffee,Coffee & Tea,1,4.0,73.0,38.9447,-77.09598,5.0,cafes
596,169489,20016.0,Coffee Nature,Coffee & Tea,1,4.2,159.0,38.9544799,-77.0831199,5.0,cafes
598,169489,20016.0,Tartufo,Italian,2,4.3,154.0,38.95384,-77.08255,20.5,european
601,97507,20017.0,Starbucks Reserve,Coffee & Tea,2,4.4,74.0,38.93253735977925,-76.99716515275264,20.5,cafes
602,97507,20017.0,Primrose,French,2,4.0,264.0,38.92775,-76.99088,20.5,european
603,97507,20017.0,Bangbop,Korean,2,4.5,88.0,38.92584,-76.99274,20.5,asian
604,97507,20017.0,The Dew Drop Inn,Dive Bars,2,4.1,119.0,38.92598,-76.99471,20.5,bars
605,97507,20017.0,Brookland Pint,Bars,2,3.4,358.0,38.9325075955497,-76.9951295317563,20.5,bars
606,97507,20017.0,Right Proper Brewing,Breweries,1,4.5,73.0,38.926755,-76.993071,5.0,retail
607,97507,20017.0,Primrose,French,2,4.0,264.0,38.92775,-76.99088,20.5,european
612,97694,20024.0,Bistro Du Jour,French,2,3.8,231.0,38.87957,-77.02532,20.5,european
613,97694,20024.0,Colada Shop,Coffee & Tea,2,4.0,336.0,38.8791,-77.02396,20.5,cafes
615,97694,20024.0,Milk & Honey Southern Inspired Kitchen,Breakfast & Brunch,2,3.9,261.0,38.87789,-77.0224,20.5,breakfast
616,97694,20024.0,Atrium Cafe,Cafes,1,3.8,106.0,38.8842769,-77.018194,5.0,cafes
617,97694,20024.0,Atrium Cafe,Cafes,1,3.8,106.0,38.8842769,-77.018194,5.0,cafes
618,97694,20024.0,Casey's Coffee & Sandwiches,Coffee & Tea,2,2.9,25.0,38.8834401,-77.0160269,20.5,cafes
619,97694,20024.0,Gordon Ramsay Hell's Kitchen,Desserts,4,4.0,829.0,38.87680370590956,-77.02240933741703,61.0,cafes
622,97694,20024.0,Milk & Honey Southern Inspired Kitchen,Breakfast & Brunch,2,3.9,261.0,38.87789,-77.0224,20.5,breakfast
623,97694,20024.0,bartaco,Tacos,2,3.8,174.0,38.87695212181637,-77.02216083163236,20.5,latin
624,97694,20024.0,The Grill,American,2,4.0,644.0,38.88075,-77.026968,20.5,american
625,97694,20024.0,Mi Vida,Mexican,2,3.9,1459.0,38.8799058,-77.025148,20.5,latin
626,97694,20024.0,Grazie Grazie,Salad,2,4.3,410.0,38.8796167667547,-77.025334239006,20.5,breakfast
627,97694,20024.0,ilili Restaurant,Lebanese,3,4.4,578.0,38.87998529973132,-77.02562499542958,45.5,middle_eastern
629,97694,20024.0,Rice Bar,Noodles,2,4.5,216.0,38.885987,-77.02121,20.5,asian
630,97694,20024.0,Gordon Ramsay Fish & Chips,Fish & Chips,2,3.9,484.0,38.87755935795702,-77.02286927401074,20.5,breakfast
631,97694,20024.0,Falafel inc,Falafel,1,4.6,195.0,38.881348,-77.027604,5.0,middle_eastern
632,97694,20024.0,Rice Bar,Noodles,2,4.5,216.0,38.885987,-77.02121,20.5,asian
634,97694,20024.0,Tiki TNT & Potomac Distilling,Tiki Bars,2,3.4,441.0,38.880971,-77.0273,20.5,bars
635,97694,20024.0,CityBar,Cocktail Bars,2,3.5,52.0,38.882966,-77.018087,20.5,bars
636,97694,20024.0,Boardwalk Bar & Arcade,Bars,2,3.0,192.0,38.87848,-77.02399,20.5,bars
639,97694,20024.0,Moonraker,Cocktail Bars,3,3.7,97.0,38.877694,-77.022429,45.5,bars
640,97694,20024.0,Pearl Street Warehouse,Bars,2,3.5,109.0,38.8788478898824,-77.02396817398292,20.5,bars
641,97694,20024.0,Del Mar,Spanish,3,3.9,980.0,38.878951,-77.024583,45.5,european
642,97694,20024.0,Del Mar,Spanish,3,3.9,980.0,38.878951,-77.024583,45.5,european
643,97694,20024.0,Walters,Sports Bars,2,3.8,182.0,38.87479590000207,-77.00875151165098,20.5,bars
646,106930,20036.0,Gregorys Coffee,Coffee & Tea,2,4.1,118.0,38.904301990277055,-77.03993346781644,20.5,cafes
648,106930,20036.0,Emissary,Coffee & Tea,2,4.0,537.0,38.90951,-77.04638,20.5,cafes
649,106930,20036.0,Un Je Ne Sais Quoi,Desserts,1,4.5,1034.0,38.9087384,-77.042577,5.0,cafes
650,106930,20036.0,The Coffee Bar,Coffee & Tea,2,4.0,101.0,38.906,-77.0389,20.5,cafes
651,106930,20036.0,Tatte Bakery & Cafe,Bakeries,2,4.1,614.0,38.905814,-77.047639,20.5,cafes
653,106930,20036.0,maman,Coffee & Tea,2,4.0,74.0,38.89942720315017,-77.02447724974593,20.5,cafes
654,106930,20036.0,Tatte Bakery & Cafe,Cafes,2,4.1,378.0,38.90761,-77.04192,20.5,cafes
655,106930,20036.0,For Five Coffee Roasters,Coffee & Tea,2,3.7,131.0,38.9034384,-77.0457423,20.5,cafes
657,106930,20036.0,Colada Shop,Coffee & Tea,2,4.0,68.0,38.907064,-77.043662,20.5,cafes
658,106930,20036.0,Duke's Grocery,Pubs,2,4.1,1333.0,38.9101969,-77.03828734112203,20.5,bars
659,106930,20036.0,Chiko,Chinese,2,4.4,383.0,38.90984,-77.04627,20.5,asian
660,106930,20036.0,Quill,New American,3,4.4,227.0,38.906037328402576,-77.03693768464976,45.5,american
661,106930,20036.0,Residents Cafe & Bar,Cocktail Bars,2,4.4,551.0,38.90795,-77.04186,20.5,bars
663,106930,20036.0,Astoria DC,Szechuan,2,4.3,461.0,38.91052,-77.03813,20.5,asian
664,106930,20036.0,Pisco y Nazca Ceviche Gastrobar,Peruvian,2,4.6,2628.0,38.90398223,-77.0426388,20.5,latin
665,106930,20036.0,Fava Pot,Egyptian,2,4.8,90.0,38.90585,-77.0425,20.5,middle_eastern
666,106930,20036.0,Donburi,Japanese,2,4.1,203.0,38.904857,-77.043713,20.5,asian
667,106930,20036.0,Agora DC,Mediterranean,3,4.0,1725.0,38.91067,-77.03813,45.5,european
669,106930,20036.0,Pisco y Nazca Ceviche Gastrobar,Peruvian,2,4.6,2628.0,38.90398223,-77.0426388,20.5,latin
670,106930,20036.0,Quill,New American,3,4.4,227.0,38.906037328402576,-77.03693768464976,45.5,american
671,106930,20036.0,Astoria DC,Szechuan,2,4.3,461.0,38.91052,-77.03813,20.5,asian
672,106930,20036.0,The Rooftop,Lounges,3,2.9,104.0,38.91081,-77.04565,45.5,bars
673,106930,20036.0,Nero,Lounges,2,4.3,179.0,38.90603,-77.043164,20.5,bars
674,106930,20036.0,Sauf Haus Bier Hall & Garten,German,2,3.5,363.0,38.9063416,-77.0420532,20.5,european
675,106930,20036.0,Emissary,Coffee & Tea,2,4.0,537.0,38.90951,-77.04638,20.5,cafes
676,94820,20037.0,Bluestone Lane West End Café,Coffee & Tea,2,3.8,535.0,38.9038876,-77.0504437,20.5,cafes
677,94820,20037.0,Bourbon Coffee,Coffee & Tea,1,3.9,421.0,38.903881,-77.047089,5.0,cafes
678,94820,20037.0,Tatte Bakery & Cafe,Cafes,2,3.9,91.0,38.90088,-77.04791,20.5,cafes
680,94820,20037.0,Call Your Mother Deli - West End,Bagels,2,4.4,246.0,38.90503489949321,-77.04746294334602,20.5,breakfast
681,94820,20037.0,Bread & Chocolate,Breakfast & Brunch,2,3.3,399.0,38.90566,-77.05045,20.5,breakfast
682,94820,20037.0,North Italia,Italian,2,4.1,501.0,38.90142,-77.04761,20.5,european
683,94820,20037.0,Chef Geoff's West End,New American,2,4.4,551.0,38.90548157256578,-77.04904170345223,20.5,american
684,94820,20037.0,Sixty Vines,Wine Bars,3,4.6,96.0,38.90185549242839,-77.0493245,45.5,bars
685,94820,20037.0,Sampannee,Thai,2,4.3,150.0,38.909403,-77.04762,20.5,asian
686,94820,20037.0,Blue Duck Tavern,New American,3,4.1,2732.0,38.9055917636612,-77.0511932944776,45.5,american
687,94820,20037.0,Sixty Vines,Wine Bars,3,4.6,97.0,38.90185549242839,-77.0493245,45.5,bars
688,94820,20037.0,North Italia,Italian,2,4.1,501.0,38.90142,-77.04761,20.5,european
